[
  {
    "zone_id": "Azerbaijan Standard Time",
    "time_zones": [
      "Asia/Baku"
    ]
  },
  {
    "zone_id": "North Korea Standard Time",
    "time_zones": [
      "Asia/Pyongyang"
    ]
  },
  {
    "zone_id": "Azores Standard Time",
    "time_zones": [
      "America/Scoresbysund",
      "Atlantic/Azores"
    ]
  },
  {
    "zone_id": "UTC-02",
    "time_zones": [
      "America/Noronha",
      "Atlantic/South_Georgia"
    ]
  },
  {
    "zone_id": "Yakutsk Standard Time",
    "time_zones": [
      "Asia/Khandyga",
      "Asia/Yakutsk"
    ]
  },
  {
    "zone_id": "Belarus Standard Time",
    "time_zones": [
      "Europe/Minsk"
    ]
  },
  {
    "zone_id": "E. Africa Standard Time",
    "time_zones": [
      "Africa/Addis_Ababa",
      "Africa/Dar_es_Salaam",
      "Africa/Djibouti",
      "Africa/Kampala",
      "Africa/Mogadishu",
      "Africa/Nairobi",
      "Antarctica/Syowa",
      "Indian/Antananarivo",
      "Indian/Comoro",
      "Indian/Mayotte"
    ]
  },
  {
    "zone_id": "Morocco Standard Time",
    "time_zones": [
      "Africa/Casablanca"
    ]
  },
  {
    "zone_id": "Paraguay Standard Time",
    "time_zones": [
      "America/Asuncion"
    ]
  },
  {
    "zone_id": "SE Asia Standard Time",
    "time_zones": [
      "Antarctica/Davis",
      "Asia/Bangkok",
      "Asia/Jakarta",
      "Asia/Phnom_Penh",
      "Asia/Pontianak",
      "Asia/Vientiane",
      "Indian/Christmas"
    ]
  },
  {
    "zone_id": "W. Mongolia Standard Time",
    "time_zones": [
      "Asia/Hovd"
    ]
  },
  {
    "zone_id": "Mountain Standard Time",
    "time_zones": [
      "America/Boise",
      "America/Cambridge_Bay",
      "America/Ciudad_Juarez",
      "America/Denver",
      "America/Edmonton",
      "America/Inuvik"
    ]
  },
  {
    "zone_id": "Mountain Standard Time (Mexico)",
    "time_zones": [
      "America/Mazatlan"
    ]
  },
  {
    "zone_id": "West Asia Standard Time",
    "time_zones": [
      "Antarctica/Mawson",
      "Asia/Almaty",
      "Asia/Aqtau",
      "Asia/Aqtobe",
      "Asia/Ashgabat",
      "Asia/Atyrau",
      "Asia/Dushanbe",
      "Asia/Oral",
      "Asia/Qostanay",
      "Asia/Samarkand",
      "Asia/Tashkent",
      "Indian/Kerguelen",
      "Indian/Maldives"
    ]
  },
  {
    "zone_id": "N. Central Asia Standard Time",
    "time_zones": [
      "Asia/Novosibirsk"
    ]
  },
  {
    "zone_id": "Cape Verde Standard Time",
    "time_zones": [
      "Atlantic/Cape_Verde"
    ]
  },
  {
    "zone_id": "SA Pacific Standard Time",
    "time_zones": [
      "America/Bogota",
      "America/Cayman",
      "America/Eirunepe",
      "America/Guayaquil",
      "America/Jamaica",
      "America/Lima",
      "America/Panama",
      "America/Rio_Branco"
    ]
  },
  {
    "zone_id": "Tasmania Standard Time",
    "time_zones": [
      "Antarctica/Macquarie",
      "Australia/Hobart"
    ]
  },
  {
    "zone_id": "Ekaterinburg Standard Time",
    "time_zones": [
      "Asia/Yekaterinburg"
    ]
  },
  {
    "zone_id": "GMT Standard Time",
    "time_zones": [
      "Atlantic/Canary",
      "Atlantic/Madeira",
      "Europe/Dublin",
      "Europe/Guernsey",
      "Europe/Isle_of_Man",
      "Europe/Jersey",
      "Europe/Lisbon",
      "Europe/London"
    ]
  },
  {
    "zone_id": "Norfolk Standard Time",
    "time_zones": [
      "Pacific/Norfolk"
    ]
  },
  {
    "zone_id": "Sakhalin Standard Time",
    "time_zones": [
      "Asia/Sakhalin"
    ]
  },
  {
    "zone_id": "Saratov Standard Time",
    "time_zones": [
      "Europe/Saratov"
    ]
  },
  {
    "zone_id": "UTC-08",
    "time_zones": [
      "Pacific/Pitcairn"
    ]
  },
  {
    "zone_id": "Sudan Standard Time",
    "time_zones": [
      "Africa/Khartoum"
    ]
  },
  {
    "zone_id": "SA Western Standard Time",
    "time_zones": [
      "America/Anguilla",
      "America/Antigua",
      "America/Aruba",
      "America/Barbados",
      "America/Blanc-Sablon",
      "America/Boa_Vista",
      "America/Curacao",
      "America/Dominica",
      "America/Grenada",
      "America/Guadeloupe",
      "America/Guyana",
      "America/Kralendijk",
      "America/La_Paz",
      "America/Lower_Princes",
      "America/Manaus",
      "America/Marigot",
      "America/Martinique",
      "America/Montserrat",
      "America/Port_of_Spain",
      "America/Porto_Velho",
      "America/Puerto_Rico",
      "America/Santo_Domingo",
      "America/St_Barthelemy",
      "America/St_Kitts",
      "America/St_Lucia",
      "America/St_Thomas",
      "America/St_Vincent",
      "America/Tortola"
    ]
  },
  {
    "zone_id": "Central Standard Time",
    "time_zones": [
      "America/Chicago",
      "America/Indiana/Knox",
      "America/Indiana/Tell_City",
      "America/Matamoros",
      "America/Menominee",
      "America/North_Dakota/Beulah",
      "America/North_Dakota/Center",
      "America/North_Dakota/New_Salem",
      "America/Ojinaga",
      "America/Rankin_Inlet",
      "America/Resolute",
      "America/Winnipeg"
    ]
  },
  {
    "zone_id": "E. South America Standard Time",
    "time_zones": [
      "America/Sao_Paulo"
    ]
  },
  {
    "zone_id": "Israel Standard Time",
    "time_zones": [
      "Asia/Jerusalem"
    ]
  },
  {
    "zone_id": "Haiti Standard Time",
    "time_zones": [
      "America/Port-au-Prince"
    ]
  },
  {
    "zone_id": "W. Australia Standard Time",
    "time_zones": [
      "Australia/Perth"
    ]
  },
  {
    "zone_id": "Myanmar Standard Time",
    "time_zones": [
      "Indian/Cocos"
    ]
  },
  {
    "zone_id": "Bougainville Standard Time",
    "time_zones": [
      "Pacific/Bougainville"
    ]
  },
  {
    "zone_id": "UTC+12",
    "time_zones": [
      "Pacific/Funafuti",
      "Pacific/Kwajalein",
      "Pacific/Majuro",
      "Pacific/Nauru",
      "Pacific/Tarawa",
      "Pacific/Wake",
      "Pacific/Wallis"
    ]
  },
  {
    "zone_id": "Mauritius Standard Time",
    "time_zones": [
      "Indian/Mahe",
      "Indian/Mauritius",
      "Indian/Reunion"
    ]
  },
  {
    "zone_id": "UTC-11",
    "time_zones": [
      "Pacific/Midway",
      "Pacific/Niue",
      "Pacific/Pago_Pago"
    ]
  },
  {
    "zone_id": "Tocantins Standard Time",
    "time_zones": [
      "America/Araguaina"
    ]
  },
  {
    "zone_id": "Venezuela Standard Time",
    "time_zones": [
      "America/Caracas"
    ]
  },
  {
    "zone_id": "Omsk Standard Time",
    "time_zones": [
      "Asia/Omsk"
    ]
  },
  {
    "zone_id": "Lord Howe Standard Time",
    "time_zones": [
      "Australia/Lord_Howe"
    ]
  },
  {
    "zone_id": "Russian Standard Time",
    "time_zones": [
      "Europe/Kirov",
      "Europe/Moscow",
      "Europe/Simferopol"
    ]
  },
  {
    "zone_id": "Atlantic Standard Time",
    "time_zones": [
      "America/Glace_Bay",
      "America/Goose_Bay",
      "America/Halifax",
      "America/Moncton",
      "America/Thule",
      "Atlantic/Bermuda"
    ]
  },
  {
    "zone_id": "West Bank Standard Time",
    "time_zones": [
      "Asia/Gaza",
      "Asia/Hebron"
    ]
  },
  {
    "zone_id": "Line Islands Standard Time",
    "time_zones": [
      "Pacific/Kiritimati"
    ]
  },
  {
    "zone_id": "Magadan Standard Time",
    "time_zones": [
      "Asia/Magadan"
    ]
  },
  {
    "zone_id": "Russia Time Zone 10",
    "time_zones": [
      "Asia/Srednekolymsk"
    ]
  },
  {
    "zone_id": "Iran Standard Time",
    "time_zones": [
      "Asia/Tehran"
    ]
  },
  {
    "zone_id": "Sao Tome Standard Time",
    "time_zones": [
      "Africa/Sao_Tome"
    ]
  },
  {
    "zone_id": "Central America Standard Time",
    "time_zones": [
      "America/Belize",
      "America/Costa_Rica",
      "America/El_Salvador",
      "America/Guatemala",
      "America/Managua",
      "America/Tegucigalpa",
      "Pacific/Galapagos"
    ]
  },
  {
    "zone_id": "Yukon Standard Time",
    "time_zones": [
      "America/Dawson",
      "America/Whitehorse"
    ]
  },
  {
    "zone_id": "Middle East Standard Time",
    "time_zones": [
      "Asia/Beirut"
    ]
  },
  {
    "zone_id": "Pakistan Standard Time",
    "time_zones": [
      "Asia/Karachi"
    ]
  },
  {
    "zone_id": "Easter Island Standard Time",
    "time_zones": [
      "Pacific/Easter"
    ]
  },
  {
    "zone_id": "Alaskan Standard Time",
    "time_zones": [
      "America/Anchorage",
      "America/Juneau",
      "America/Metlakatla",
      "America/Nome",
      "America/Sitka",
      "America/Yakutat"
    ]
  },
  {
    "zone_id": "Montevideo Standard Time",
    "time_zones": [
      "America/Montevideo"
    ]
  },
  {
    "zone_id": "Russia Time Zone 11",
    "time_zones": [
      "Asia/Anadyr",
      "Asia/Kamchatka"
    ]
  },
  {
    "zone_id": "Central Pacific Standard Time",
    "time_zones": [
      "Antarctica/Casey",
      "Pacific/Efate",
      "Pacific/Guadalcanal",
      "Pacific/Kosrae",
      "Pacific/Noumea"
    ]
  },
  {
    "zone_id": "North Asia Standard Time",
    "time_zones": [
      "Asia/Krasnoyarsk",
      "Asia/Novokuznetsk"
    ]
  },
  {
    "zone_id": "UTC-09",
    "time_zones": [
      "Pacific/Gambier"
    ]
  },
  {
    "zone_id": "US Eastern Standard Time",
    "time_zones": [
      "America/Indiana/Marengo",
      "America/Indiana/Vevay"
    ]
  },
  {
    "zone_id": "AUS Central Standard Time",
    "time_zones": [
      "Australia/Darwin"
    ]
  },
  {
    "zone_id": "Pacific Standard Time",
    "time_zones": [
      "America/Los_Angeles",
      "America/Vancouver"
    ]
  },
  {
    "zone_id": "Canada Central Standard Time",
    "time_zones": [
      "America/Regina",
      "America/Swift_Current"
    ]
  },
  {
    "zone_id": "Altai Standard Time",
    "time_zones": [
      "Asia/Barnaul"
    ]
  },
  {
    "zone_id": "Taipei Standard Time",
    "time_zones": [
      "Asia/Taipei"
    ]
  },
  {
    "zone_id": "Ulaanbaatar Standard Time",
    "time_zones": [
      "Asia/Ulaanbaatar"
    ]
  },
  {
    "zone_id": "Marquesas Standard Time",
    "time_zones": [
      "Pacific/Marquesas"
    ]
  },
  {
    "zone_id": "Argentina Standard Time",
    "time_zones": [
      "America/Argentina/La_Rioja",
      "America/Argentina/Rio_Gallegos",
      "America/Argentina/Salta",
      "America/Argentina/San_Juan",
      "America/Argentina/San_Luis",
      "America/Argentina/Tucuman",
      "America/Argentina/Ushuaia"
    ]
  },
  {
    "zone_id": "Eastern Standard Time",
    "time_zones": [
      "America/Detroit",
      "America/Indiana/Petersburg",
      "America/Indiana/Vincennes",
      "America/Indiana/Winamac",
      "America/Iqaluit",
      "America/Kentucky/Monticello",
      "America/Nassau",
      "America/New_York",
      "America/Toronto"
    ]
  },
  {
    "zone_id": "Transbaikal Standard Time",
    "time_zones": [
      "Asia/Chita"
    ]
  },
  {
    "zone_id": "North Asia East Standard Time",
    "time_zones": [
      "Asia/Irkutsk"
    ]
  },
  {
    "zone_id": "Fiji Standard Time",
    "time_zones": [
      "Pacific/Fiji"
    ]
  },
  {
    "zone_id": "Egypt Standard Time",
    "time_zones": [
      "Africa/Cairo"
    ]
  },
  {
    "zone_id": "Pacific SA Standard Time",
    "time_zones": [
      "America/Santiago"
    ]
  },
  {
    "zone_id": "Arabic Standard Time",
    "time_zones": [
      "Asia/Baghdad"
    ]
  },
  {
    "zone_id": "Korea Standard Time",
    "time_zones": [
      "Asia/Seoul"
    ]
  },
  {
    "zone_id": "Tonga Standard Time",
    "time_zones": [
      "Pacific/Tongatapu"
    ]
  },
  {
    "zone_id": "Sri Lanka Standard Time",
    "time_zones": [
      "Asia/Colombo"
    ]
  },
  {
    "zone_id": "Afghanistan Standard Time",
    "time_zones": [
      "Asia/Kabul"
    ]
  },
  {
    "zone_id": "FLE Standard Time",
    "time_zones": [
      "Europe/Helsinki",
      "Europe/Mariehamn",
      "Europe/Riga",
      "Europe/Sofia",
      "Europe/Tallinn",
      "Europe/Vilnius"
    ]
  },
  {
    "zone_id": "Kaliningrad Standard Time",
    "time_zones": [
      "Europe/Kaliningrad"
    ]
  },
  {
    "zone_id": "South Sudan Standard Time",
    "time_zones": [
      "Africa/Juba"
    ]
  },
  {
    "zone_id": "Tomsk Standard Time",
    "time_zones": [
      "Asia/Tomsk"
    ]
  },
  {
    "zone_id": "Aus Central W. Standard Time",
    "time_zones": [
      "Australia/Eucla"
    ]
  },
  {
    "zone_id": "Arab Standard Time",
    "time_zones": [
      "Asia/Aden",
      "Asia/Bahrain",
      "Asia/Kuwait",
      "Asia/Qatar",
      "Asia/Riyadh"
    ]
  },
  {
    "zone_id": "Jordan Standard Time",
    "time_zones": [
      "Asia/Amman"
    ]
  },
  {
    "zone_id": "GTB Standard Time",
    "time_zones": [
      "Asia/Famagusta",
      "Asia/Nicosia",
      "Europe/Athens",
      "Europe/Bucharest"
    ]
  },
  {
    "zone_id": "Georgian Standard Time",
    "time_zones": [
      "Asia/Tbilisi"
    ]
  },
  {
    "zone_id": "Bahia Standard Time",
    "time_zones": [
      "America/Bahia"
    ]
  },
  {
    "zone_id": "South Africa Standard Time",
    "time_zones": [
      "Africa/Blantyre",
      "Africa/Bujumbura",
      "Africa/Gaborone",
      "Africa/Harare",
      "Africa/Johannesburg",
      "Africa/Kigali",
      "Africa/Lubumbashi",
      "Africa/Lusaka",
      "Africa/Maputo",
      "Africa/Maseru",
      "Africa/Mbabane"
    ]
  },
  {
    "zone_id": "Central European Standard Time",
    "time_zones": [
      "Europe/Sarajevo",
      "Europe/Skopje",
      "Europe/Warsaw",
      "Europe/Zagreb"
    ]
  },
  {
    "zone_id": "Central Standard Time (Mexico)",
    "time_zones": [
      "America/Bahia_Banderas",
      "America/Chihuahua",
      "America/Merida",
      "America/Mexico_City",
      "America/Monterrey"
    ]
  },
  {
    "zone_id": "Central Brazilian Standard Time",
    "time_zones": [
      "America/Campo_Grande",
      "America/Cuiaba"
    ]
  },
  {
    "zone_id": "Newfoundland Standard Time",
    "time_zones": [
      "America/St_Johns"
    ]
  },
  {
    "zone_id": "Volgograd Standard Time",
    "time_zones": [
      "Europe/Volgograd"
    ]
  },
  {
    "zone_id": "Pacific Standard Time (Mexico)",
    "time_zones": [
      "America/Tijuana"
    ]
  },
  {
    "zone_id": "New Zealand Standard Time",
    "time_zones": [
      "Antarctica/McMurdo",
      "Pacific/Auckland"
    ]
  },
  {
    "zone_id": "Vladivostok Standard Time",
    "time_zones": [
      "Asia/Ust-Nera",
      "Asia/Vladivostok"
    ]
  },
  {
    "zone_id": "Bangladesh Standard Time",
    "time_zones": [
      "Asia/Dhaka",
      "Asia/Thimphu"
    ]
  },
  {
    "zone_id": "Central Europe Standard Time",
    "time_zones": [
      "Europe/Belgrade",
      "Europe/Bratislava",
      "Europe/Budapest",
      "Europe/Ljubljana",
      "Europe/Podgorica",
      "Europe/Prague",
      "Europe/Tirane"
    ]
  },
  {
    "zone_id": "Greenwich Standard Time",
    "time_zones": [
      "Africa/Abidjan",
      "Africa/Accra",
      "Africa/Bamako",
      "Africa/Banjul",
      "Africa/Bissau",
      "Africa/Conakry",
      "Africa/Dakar",
      "Africa/Freetown",
      "Africa/Lome",
      "Africa/Monrovia",
      "Africa/Nouakchott",
      "Africa/Ouagadougou",
      "America/Danmarkshavn",
      "Atlantic/Reykjavik",
      "Atlantic/St_Helena"
    ]
  },
  {
    "zone_id": "Arabian Standard Time",
    "time_zones": [
      "Asia/Dubai",
      "Asia/Muscat"
    ]
  },
  {
    "zone_id": "E. Europe Standard Time",
    "time_zones": [
      "Europe/Chisinau"
    ]
  },
  {
    "zone_id": "Samoa Standard Time",
    "time_zones": [
      "Pacific/Apia"
    ]
  },
  {
    "zone_id": "Russia Time Zone 3",
    "time_zones": [
      "Europe/Samara"
    ]
  },
  {
    "zone_id": "UTC+13",
    "time_zones": [
      "Pacific/Fakaofo"
    ]
  },
  {
    "zone_id": "Libya Standard Time",
    "time_zones": [
      "Africa/Tripoli"
    ]
  },
  {
    "zone_id": "Aleutian Standard Time",
    "time_zones": [
      "America/Adak"
    ]
  },
  {
    "zone_id": "Eastern Standard Time (Mexico)",
    "time_zones": [
      "America/Cancun"
    ]
  },
  {
    "zone_id": "Cuba Standard Time",
    "time_zones": [
      "America/Havana"
    ]
  },
  {
    "zone_id": "Qyzylorda Standard Time",
    "time_zones": [
      "Asia/Qyzylorda"
    ]
  },
  {
    "zone_id": "W. Central Africa Standard Time",
    "time_zones": [
      "Africa/Algiers",
      "Africa/Bangui",
      "Africa/Brazzaville",
      "Africa/Douala",
      "Africa/Kinshasa",
      "Africa/Lagos",
      "Africa/Libreville",
      "Africa/Luanda",
      "Africa/Malabo",
      "Africa/Ndjamena",
      "Africa/Niamey",
      "Africa/Porto-Novo",
      "Africa/Tunis"
    ]
  },
  {
    "zone_id": "US Mountain Standard Time",
    "time_zones": [
      "America/Creston",
      "America/Dawson_Creek",
      "America/Fort_Nelson",
      "America/Hermosillo",
      "America/Phoenix"
    ]
  },
  {
    "zone_id": "West Pacific Standard Time",
    "time_zones": [
      "Antarctica/DumontDUrville",
      "Pacific/Guam",
      "Pacific/Port_Moresby",
      "Pacific/Saipan"
    ]
  },
  {
    "zone_id": "Tokyo Standard Time",
    "time_zones": [
      "Asia/Dili",
      "Asia/Jayapura",
      "Asia/Tokyo",
      "Pacific/Palau"
    ]
  },
  {
    "zone_id": "Chatham Islands Standard Time",
    "time_zones": [
      "Pacific/Chatham"
    ]
  },
  {
    "zone_id": "Turks And Caicos Standard Time",
    "time_zones": [
      "America/Grand_Turk"
    ]
  },
  {
    "zone_id": "Magallanes Standard Time",
    "time_zones": [
      "America/Punta_Arenas"
    ]
  },
  {
    "zone_id": "W. Europe Standard Time",
    "time_zones": [
      "Arctic/Longyearbyen",
      "Europe/Amsterdam",
      "Europe/Andorra",
      "Europe/Berlin",
      "Europe/Busingen",
      "Europe/Gibraltar",
      "Europe/Luxembourg",
      "Europe/Malta",
      "Europe/Monaco",
      "Europe/Oslo",
      "Europe/Rome",
      "Europe/San_Marino",
      "Europe/Stockholm",
      "Europe/Vaduz",
      "Europe/Vatican",
      "Europe/Vienna",
      "Europe/Zurich"
    ]
  },
  {
    "zone_id": "Caucasus Standard Time",
    "time_zones": [
      "Asia/Yerevan"
    ]
  },
  {
    "zone_id": "AUS Eastern Standard Time",
    "time_zones": [
      "Australia/Melbourne",
      "Australia/Sydney"
    ]
  },
  {
    "zone_id": "Hawaiian Standard Time",
    "time_zones": [
      "Pacific/Honolulu",
      "Pacific/Rarotonga",
      "Pacific/Tahiti"
    ]
  },
  {
    "zone_id": "SA Eastern Standard Time",
    "time_zones": [
      "America/Belem",
      "America/Cayenne",
      "America/Fortaleza",
      "America/Maceio",
      "America/Paramaribo",
      "America/Recife",
      "America/Santarem",
      "Antarctica/Palmer",
      "Antarctica/Rothera",
      "Atlantic/Stanley"
    ]
  },
  {
    "zone_id": "Syria Standard Time",
    "time_zones": [
      "Asia/Damascus"
    ]
  },
  {
    "zone_id": "China Standard Time",
    "time_zones": [
      "Asia/Hong_Kong",
      "Asia/Macau",
      "Asia/Shanghai"
    ]
  },
  {
    "zone_id": "Astrakhan Standard Time",
    "time_zones": [
      "Europe/Astrakhan",
      "Europe/Ulyanovsk"
    ]
  },
  {
    "zone_id": "Turkey Standard Time",
    "time_zones": [
      "Europe/Istanbul"
    ]
  },
  {
    "zone_id": "Romance Standard Time",
    "time_zones": [
      "Africa/Ceuta",
      "Europe/Brussels",
      "Europe/Copenhagen",
      "Europe/Madrid",
      "Europe/Paris"
    ]
  },
  {
    "zone_id": "Central Asia Standard Time",
    "time_zones": [
      "Antarctica/Vostok",
      "Asia/Bishkek",
      "Asia/Urumqi",
      "Indian/Chagos"
    ]
  },
  {
    "zone_id": "Singapore Standard Time",
    "time_zones": [
      "Asia/Brunei",
      "Asia/Kuala_Lumpur",
      "Asia/Kuching",
      "Asia/Makassar",
      "Asia/Manila",
      "Asia/Singapore"
    ]
  },
  {
    "zone_id": "Namibia Standard Time",
    "time_zones": [
      "Africa/Windhoek"
    ]
  },
  {
    "zone_id": "Saint Pierre Standard Time",
    "time_zones": [
      "America/Miquelon"
    ]
  },
  {
    "zone_id": "Cen. Australia Standard Time",
    "time_zones": [
      "Australia/Adelaide",
      "Australia/Broken_Hill"
    ]
  },
  {
    "zone_id": "E. Australia Standard Time",
    "time_zones": [
      "Australia/Brisbane",
      "Australia/Lindeman"
    ]
  }
]
